'OTRO',
'ALMAVIVA',
'ALAMEDA LA VICTORIA',
'ALBORNOZ',
'ALCIBIA',
'ALEDAÑOS A CERVECERÍA ÁGUILA',
'ALMIRANTE COLON',
'ALTO BOSQUE',
'ALTOS DE SAN ISIDRO',
'AMBERES',
'ANDALUCIA',
'ANITA',
'ANTONIO JOSE DE SUCRE',
'ARARCA',
'ARCHIPIELAGO SAN BERNARDO',
'ARMENIA',
'ARROYO DE LAS CANOAS',
'ARROYO DE PIEDRA',
'ARROYO GRANDE',
'ARROZ BARATO',
'BARCELONETA DE INDIAS',
'BARRIO CHINO',
'BARU',
'BAYAO',
'BAYUNCA',
'BELLAVISTA',
'BLAS DE LEZO',
'BOCACHICA',
'BOCAGRANDE',
'BOMBA DEL AMPARO',
'BOSQUECITO',
'BOSTON',
'BRUSELAS',
'BUENOS AIRES',
'CALAMARES',
'CAMAGUEY',
'CAMILO TORRES',
'CANAPOTE',
'CAÑO DEL ORO',
'CASTILLETE',
'CASTILLOGRANDE',
'CEBALLOS',
'CENTRO',
'CERRO DE LA POPA',
'CESAR FLOREZ',
'CHAMBACU',
'CHAPACUA',
'CHIPRE',
'CHIQUINQUIRA',
'CIELO MAR',
'CIUDAD BICENTENARIO',
'CIUDAD JARDÍN',
'CIUDADELA 11 DE NOVIEMBRE',
'CIUDADELA 2000',
'CLUB SUBOFICIALES',
'COMFENALCO TAKURIKA',
'CONJUNTO RESIDENCIAL BARCELONA',
'CONVENTO DE LA POPA',
'CRESPO',
'DANIEL LEMAITRE',
'EL BOSQUE',
'EL CABRERO',
'EL CAMPESTRE',
'EL CARMELO',
'EL CARMEN',
'EL CONQUISTADOR',
'EL COUNTRY',
'EL EDUCADOR',
'EL GALLO',
'EL LAGUITO',
'EL LIBERTADOR',
'EL MILAGRO',
'EL POZON',
'EL PRADO',
'EL RECREO',
'EL REPOSO',
'EL RODEO',
'EL SOCORRO',
'ESCALLON VILLA',
'ESPAÑA',
'ESPINAL',
'FLOR DEL CAMPO',
'FREDONIA',
'GETSEMANI',
'HENEQUEN',
'ISLA FUERTE',
'ISLAS DEL ROSARIO',
'JAIME PARDO LEAL',
'JORGE ELIECER GAITAN',
'JOSE ANTONIO GALAN',
'JUAN XXIII',
'JUNIN',
'LA BOQUILLA',
'LA CAMPIÑA',
'LA CANDELARIA',
'LA CAROLINA',
'LA CASTELLANA',
'LA CENTRAL',
'LA CONCEPCION',
'LA CONSOLATA',
'LA ESMERALDA I',
'LA ESMERALDA II',
'LA ESPERANZA',
'LA FLORESTA',
'LA FLORIDA',
'LA GLORIA',
'LA INDIA',
'LA MARIA',
'LA MATUNA',
'LA PAZ',
'LA QUINTA',
'LA SIERRITA',
'LA TRONCAL',
'LA VICTORIA',
'LAGUNA CLUB TERRANOVA',
'LAS BRISAS',
'LAS DELICIAS',
'LAS EUROPAS',
'LAS GAVIOTAS',
'LAS PALMERAS',
'LETICIA',
'LO AMADOR',
'LOMA FRESCA',
'LOS ALPES',
'LOS ANGELES',
'LOS CARACOLES',
'LOS CERROS',
'LOS COMUNEROS',
'LOS CORALES',
'LOS EJECUTIVOS',
'LOS JARDINES',
'LOS SANTANDERES',
'LUIS CARLOS GALAN',
'MAMONAL - SECTOR CONTECAR',
'MAMONAL - ZONA INDUSTRIAL',
'MANGA',
'MANUELA VERGARA DE CURI',
'MANZANILLO DEL MAR',
'MARBELLA',
'MARIA CANO',
'MARTINEZ MARTELO',
'MEDELLÍN',
'MEMBRILLAL',
'MERCADO DE BAZURTO',
'MUELLE DE LA BODEGUITA',
'MUELLE TURÍSTICO',
'NARIÑO',
'NAZARENO',
'NELSON MANDELA',
'NUEVA DELHI',
'NUEVA GRANADA',
'NUEVA JERUSALEN',
'NUEVE DE ABRIL',
'NUEVO BOSQUE',
'NUEVO PARAISO',
'NUEVO PORVENIR',
'OLAYA ST. CENTRAL',
'OLAYA ST. LA MAGDALENA',
'OLAYA ST. LA PUNTILLA',
'OLAYA ST. PLAYA BLANCA',
'OLAYA ST. PROGRESO',
'OLAYA ST. RAFAEL NUÑEZ',
'OLAYA ST. RICAURTE',
'OLAYA ST. STELLA',
'OLAYA ST. ZARABANDA',
'OLAYA ST.11 DE NOVIEMBRE',
'OLAYA VILLA OLIMPICA',
'PABLO VI - I',
'PABLO VI - II',
'PALESTINA',
'PARAGUAY',
'PARAISO II',
'PARQUE HEREDIA',
'PARQUE INDUSTRIAL TERNERA',
'PASACABALLOS',
'PEDRO SALAZAR',
'PETARE',
'PIE DE LA POPA',
'PIE DEL CERRO',
'PIEDRA DE BOLIVAR',
'PLAN 400',
'POLICARPA',
'PONTEZUELA',
'PORTALES DE ALICANTE',
'PROVIDENCIA',
'PUERTA DE HIERRO',
'PUERTO REY',
'PUNTA ARENAS',
'PUNTA CANOA',
'REPUBLICA DE CHILE',
'REPUBLICA DE VENEZUELA',
'REPUBLICA DEL CARIBE',
'REPUBLICA DEL LIBANO',
'ROSSEDAL',
'RUBI',
'SAN ANTONIO',
'SAN BERNARDO',
'SAN DIEGO',
'SAN FERNANDO',
'SAN FERNANDO SUR',
'SAN FRANCISCO',
'SAN ISIDRO',
'SAN JOSE DE LOS CAMPANOS',
'SAN JOSE OBRERO',
'SAN PEDRO',
'SAN PEDRO MARTIR',
'SAN PEDRO Y LIBERTAD',
'SANTA CLARA',
'SANTA LUCIA',
'SANTA MARIA',
'SANTA MONICA',
'SANTANA',
'SECTOR CIRCUNVALAR',
'SECTORES UNIDOS',
'SERENA DEL MAR',
'SEVILLANA',
'SIETE DE AGOSTO',
'TACARIGUA',
'TENARIS TUBOCARIBE',
'TERMINAL DE TRANSPORTE',
'TERNERA',
'TESCA',
'TIERRA BAJA',
'TIERRA BOMBA',
'TORICES',
'TRECE DE JUNIO',
'UNIVERSIDAD SAN BUENAVENTURA',
'UNIVERSIDAD TADEO LOZANO',
'UNIVERSIDAD TECNOLÓGICA DE TERNERA',
'URBANIZACION COLOMBIATON',
'URBANIZACION SIMON BOLIVAR',
'VEINTE DE JULIO SUR',
'VIEJO PORVENIR',
'VILLA BARRAZA',
'VILLA CORELCA',
'VILLA ESTRELLA',
'VILLA FANNY',
'VILLA HERMOSA',
'VILLA ROSA',
'VILLA ROSITA',
'VILLA RUBIA',
'VILLA SANDRA',
'VILLAS DE LA CANDELARIA',
'VISTA HERMOSA',
'ZAPATERO',
'ZARAGOCILLA',
'ZONA FRANCA'